issue_date,song_name,artist_name_basket,similarity
20170324,밤편지,아이유,0.48712490170023043
20160620,Bye bye my blue,백예린,0.46746471607681994
20151130,우주를 건너,백예린,0.4486724448384865
20160621,비,폴킴,0.43681046537811824
20111123,안아줘,정준일,0.43496041584451917
20101007,가끔 미치도록 네가 안고 싶어질 때가 있어,가을방학,0.43205837183699664
20150518,마음,아이유,0.4271410714851654
20170710,선물,멜로망스,0.4254205217439042
20190318,그건 아마 우리의 잘못은 아닐 거야,백예린,0.42269791545515295
20160829,우주를 줄게,볼빨간사춘기,0.4202303194929031
20180320,"모든 날, 모든 순간 (Every day, Every Moment)",폴킴,0.41764663695897214
20111216,백야,짙은,0.4162118730073942
20150520,이럴거면 그러지말지 (Feat. Young K),백아연,0.4162118730073942
20151107,걱정말아요 그대,이적,0.4162118730073942
20140515,Vineyard (빈야드),우효,0.4106493562928519
20140212,너의 모든 순간,성시경,0.4103904412308451
20160309,한숨,이하이,0.40692065023099483
20160531,너였다면,정승환,0.4058206279647285
20161221,좋다고 말해,볼빨간사춘기,0.4048194509639918
20171117,Boat,죠지,0.40299541316285836
20160829,나만 안되는 연애,볼빨간사춘기,0.40299541316285836
20170530,나랑 아니면,검정치마,0.4002493679458099
20181010,삐삐,아이유,0.39672218447945967
20151121,소녀,오혁,0.3945047655009278
20040305,야상곡(夜想曲),김윤아,0.3908679799852858
20041210,바람이 분다,이소라,0.3900448515567094
20170920,Sweether,구원찬,0.3892494720807615
20101101,사랑한다는 말로도 위로가 되지 않는,브로콜리너마저,0.3888820822187407
20140516,너의 의미 (Feat. 김창완),아이유,0.38592857494655985
20170220,니가 보고싶은 밤,윤딴딴,0.384553314300876
20170909,She (Hidden Track No.V 1월 선정곡),잔나비,0.3840686673743918
20161129,이 바보야,정승환,0.383214231015951
20161020,"All I Wanna Do (K) (Feat. Hoody, Loco)",박재범,0.3825184261187247
20180524,여행,볼빨간사춘기,0.38174602492784326
20170727,all of my life,박원,0.38169051034528695
20150327,봄처녀,선우정아,0.38112585453632936
20100928,그대네요,"성시경', '아이유",0.3800225577740671
20170620,긴 꿈,새소년,0.3800105228816446
20190412,작은 것들을 위한 시 (Boy With Luv) (Feat. Halsey),방탄소년단,0.3793934553196644
20120828,All For You,"서인국', '정은지",0.37919763932968076
20190221,바라봐줘요,죠지,0.3782699898525082
20160804,뜨거운 여름밤은 가고 남은 건 볼품없지만,잔나비,0.3782460108307671
20160422,심술,볼빨간사춘기,0.37762745602468056
20130404,Love Blossom (러브블러썸),케이윌,0.37735238439219176
20140214,겨울을 걷는다,윤딴딴,0.3770495249884344
20111129,너랑 나,아이유,0.3769218104076231
20180706,let`s go picnic,죠지,0.37616261975150683
20140516,나의 옛날이야기,아이유,0.3761524481083928
20100603,Rain Drop,아이유,0.37553380809940534
20160825,목요일 밤 (Feat. 빈지노),어반자카파,0.37553380809940534
20080729,공원에서,유희열,0.3754255278891392
20030201,희재,성시경,0.37505980384377363
20061010,거리에서,성시경,0.37498892416746415
20110426,"수고했어, 오늘도",옥상달빛,0.37498892416746415
20091013,잊지 말아요,백지영,0.3742669603047503
20170407,사랑이 잘 (With 오혁),아이유,0.37240954457007236
20170309,별 보러 가자,적재,0.37240954457007225
20171228,고양이 (Feat. 아이유),선우정아,0.37212006262090536
20160705,청춘 (DAY),우효,0.3719741656005346
20140603,"눈, 코, 입",태양,0.3697869984767234
20131220,금요일에 만나요 (Feat. 장이정 Of HISTORY),아이유,0.36877619383782384
20170107,첫눈처럼 너에게 가겠다,에일리,0.36845658827285643
20040409,사랑이 다른 사랑으로 잊혀지네,하림,0.36807215534585264
20170101,첫 눈,정준일,0.36749727368425084
20140704,언젠가 설명이 필요한 밤,안녕하신가영,0.36612980851415994
20180219,눈사람,정승환,0.3637488574870473
20151023,무릎,아이유,0.36366085340732
20060126,Perhaps Love (사랑인가요),"하울', '제이",0.36233561484063787
20150403,달밤댄싱,프롬,0.36210341218895065
20170310,Together,카더가든,0.36187343222787316
20160310,You Are My Everything,거미,0.36185643927478794
20170421,이런 엔딩,아이유,0.36181752717080695
20101209,첫 이별 그날 밤,아이유,0.35981779522555646
20180706,하려고해고백,죠지,0.35903516540862696
20181029,너를 만나,폴킴,0.3584640895494324
20100118,못해 (Feat. 미),포맨,0.3578262927978232
20160919,끝,권진아,0.35754847096709697
20030214,그랬나봐,김형중,0.3571998131845463
20140116,고백,정준일,0.35685919470918054
20150205,같은 시간 속의 너,나얼,0.3567530340063379
20151007,부끄럼,멜로망스,0.35563773225031636
20030124,고백,델리스파이스,0.3553345272593508
20140530,내가 니편이 되어줄게 (Feat. 하은),커피소년,0.35506624898232847
20170511,별들도 눈감은밤,"키겐', '새벽공방",0.3547874375934495
20130422,봄봄봄,로이킴,0.3547874375934494
20160129,EVERYTHING,검정치마,0.3536490360408757
20170927,좋은 사람,폴킴,0.35355339059327373
20160527,널 사랑하지 않아,어반자카파,0.3534981608201346
20020615,꿈에,박정현,0.35257806903697286
20131101,너에게,성시경,0.3525780690369728
20110713,International Love Song,검정치마,0.35253479616717354
20161224,이쁘다니까,에디킴,0.3525347961671735
20190402,"나만, 봄",볼빨간사춘기,0.3517632353407244
20150409,Hollywood,검정치마,0.35168997422666515
20160422,싸운날,볼빨간사춘기,0.351276197051986
20160325,편지,폴킴,0.3505916979120807
20160418,하늘바라기 (Feat. 하림),정은지,0.35011741606068914
20131203,코끝에 겨울,어반자카파,0.3486385256233478
20140328,야생화,박효신,0.34855071841237867
19990100,여전히 아름다운지,김연우,0.34825891414904414
20170421,팔레트 (Feat. G-DRAGON),아이유,0.34825891414904414
19981003,커플,젝스키스,0.3472686132974538
20180703,동화,멜로망스,0.34726861329745373
20131115,거짓말 거짓말 거짓말,이적,0.3472686132974537
20170213,봄날,방탄소년단,0.34672550992820333
20170928,나의 사춘기에게,볼빨간사춘기,0.34671763758586044
20131025,하고 싶은 말 (Feat. 한올),어쿠루브,0.3466122906732254
20120622,유자차,브로콜리너마저,0.34602590164895647
20060227,그 남자 그 여자 (Feat. 장혜진),바이브,0.3460259016489564
20040105,사랑은... 향기를 남기고,테이,0.3460259016489564
20030206,체념,빅마마,0.3460259016489564
20050603,기억속의 먼 그대에게,박효신,0.3458572319330373
20100615,Feel Alright,짙은,0.3452670484227767
20160202,선 (Feat. 우효) (45.7cm),유승우,0.344828154104298
20140904,그게 뭐라고,어쿠루브,0.3446607067996311
20060720,비행기,거북이,0.34393509156090774
20140930,이 소설의 끝을 다시 써보려 해,한동근,0.3430899599986819
20100311,미워요,정인,0.34296922868012536
20020719,좋을텐데,성시경,0.34296922868012536
20110319,Learn To Love,넌,0.34278978338034233
20141117,"즐겁게, 음악.",윤석철트리오,0.34278978338034233
20011120,봄날은 간다,김윤아,0.34188172937891376
20110517,봄을 그리다,어반자카파,0.34136560059860493
20161128,지금껏 그랬듯 앞으로도 계속,구름,0.3413656005986049
20190313,주저하는 연인들을 위해,잔나비,0.34114004641810736
20150923,쿵쿵쿵,김민승,0.34027152804729077
20120907,우리가 있던 시간,스웨덴세탁소,0.33945730212812064
20180514,Talk about,빈센트,0.33838168464348745
20170922,가을 아침,아이유,0.33776679623797257
20170530,민들레 (single ver.),우효,0.3375678008963833
20101209,좋은 날,아이유,0.3375678008963833
20190318,지켜줄게,백예린,0.33730052626944557
20180130,X,스무살,0.3372754584141647
20101209,미리 메리 크리스마스 (Feat. 천둥 Of MBLAQ),아이유,0.33724583036471545
20160524,쏘쏘,백아연,0.3372458303647154
20070419,다행이다,이적,0.3364140710475965
20000614,그런일은,화요비,0.3359355065735124
20161117,노력,박원,0.3350126050864042
20180117,Roller Coaster,청하,0.33438133901754924
20020719,넌 감동이었어,성시경,0.3343813390175492
20170927,길,폴킴,0.3343813390175492
20140122,안녕,효린,0.3343253990189949
20030301,사랑합니다...,팀,0.33410547551533193
20130917,목소리 (Feat. 정기고),스웨덴세탁소,0.33410547551533176
20080522,나만 바라봐,태양,0.33294952971344166
20181226,너는 어떻게 (Feat. 백예린),구원찬,0.3329495297134416
20170708,구애 (求愛),선우정아,0.3329495297134416
20110525,내 손을 잡아,아이유,0.3329001514305916
20170918,DNA,방탄소년단,0.33238501467394393
20160318,말해! 뭐해?,케이윌,0.33212591237549954
20010801,I Believe,신승훈,0.3305474707033635
20191118,Blueming,아이유,0.3305474707033635
20151023,푸르던,아이유,0.33040982719570533
20160824,그대라는 사치,한동근,0.33028912953790823
20160614,반짝이던 안녕,프롬,0.32947326383023484
20170303,Dream All Day,김지수,0.3290725908572087
20171026,나는 새롭게 떠오른 외로움을 봐요,새소년,0.3289758474798847
20080603,So Hot,원더걸스,0.32881335013854024
20191210,Square (2017),백예린,0.32849733690299676
20140422,소란했던 시절에,빌리어코스티,0.32846934087081525
20180518,FAKE LOVE,방탄소년단,0.32824397594488747
20070723,바다여행 (최한성 Ver.),이선균,0.3280399256759238
20010711,파도,유엔,0.3273268353539885
20140411,너 사용법,에디킴,0.3269857987586245
20140319,감아 (Feat. Crush),로꼬,0.3269857987586245
20140602,"걷자, 집앞이야 (Feat. 주예인)",스무살,0.32698579875862444
20141128,니가 모르게 (You Don`t Know),로꼬,0.32698579875862444
20131220,1월부터 6월까지,윤종신,0.3268022404462367
20190122,신청곡 (Feat. SUGA of BTS),이소라,0.3266039647242482
20080124,출발,김동률,0.3266039647242482
20080729,그럴 때마다 (Inst.),유희열,0.3263956049169336
20071211,달아요,박정현,0.3259879768682914
20170315,PIZZA,우효,0.32598797686829134
20160218,ALWAYS,윤미래,0.3259879768682913
20100112,첫사랑이죠,"아이유', '나윤권",0.3259879768682913
20161003,숨,박효신,0.3258952410659839
20090721,Abracadabra,브라운아이드걸스,0.3248275864741907
20190823,흔들리는 꽃들 속에서 네 샴푸향이 느껴진거야,장범준,0.3248275864741906
20030813,10 Minutes,이효리,0.3248255502886648
20120920,바람기억,나얼,0.32432465244948644
20170613,남이 될 수 있을까,"볼빨간사춘기', '스무살",0.32432465244948644
20070212,유혹의 소나타,아이비,0.32387513781564786
20161114,더 나은 사람,구름,0.32387513781564786
20011026,다시 사랑한다 말할까,김동률,0.32387513781564786
20050414,인연,이선희,0.32377786340654124
20070202,미인 (美人),이기찬,0.3237778634065412
20151007,Grace,우효,0.32328707534629597
20030513,하늘을 달리다,이적,0.32315689648657575
20140515,Teddy Bear Rises,우효,0.3231568964865757
20131018,그래도 나 사랑하지,스웨덴세탁소,0.3231568964865757
20170922,잠 못 드는 밤 비는 내리고,아이유,0.32288829996897417
20081113,총맞은것처럼,백지영,0.32288829996897417
20120511,복숭아,아이유,0.3228882999689741
20120215,시간을 거슬러,린,0.3228882999689741
20151130,That`s Why,백예린,0.32280396740469713
20120831,홀로 (Feat. 김나영),정키,0.32277655457716287
20051220,서쪽 하늘,이승철,0.32249702169838573
20101227,너는 나의 봄이다,성시경,0.3224970216983857
20120307,자니 (Feat. Dynamic Duo),프라이머리,0.321612100882948
20110217,나만 몰랐던 이야기,아이유,0.32147983186609175
20160829,You(=I),볼빨간사춘기,0.3214121732666124
20190318,야간비행 (魔女の花),백예린,0.3214121732666124
20160715,네 생각,존박,0.32125041574591623
20030201,친구라도 될 걸 그랬어,거미,0.32111443149518865
20160510,꿈처럼,벤,0.32098333762097847
20150528,Coffee & Tea,"에디킴', '솔라",0.320564324006902
20170918,이 별,길구봉구,0.3204454220719227
20170417,"자꾸만, 너",소수빈,0.32000522461774594
20190321,노래방에서,장범준,0.32000522461774594
20191210,0310,백예린,0.31980107453341583
20180704,Papercut,우효,0.31980107453341583
20170517,처음부터 너와 나,볼빨간사춘기,0.3198010745334157
20141220,지친 하루,"윤종신', '곽진언', '김필",0.31980107453341566
20080703,사랑과 전쟁 (Narr. 하하),다비치,0.319489225532349
20090713,냉면,명카드라이브,0.31948922553234893
20160704,아주 NICE,세븐틴,0.3194892255323489
20180110,#첫사랑,볼빨간사춘기,0.3193451925132925
20150622,SHAKE IT,씨스타,0.3191423692521126
20170203,우리집을 못 찾겠군요 (Feat. 볼빨간사춘기),매드클라운,0.3191423692521126
20110713,Love Shine,검정치마,0.3190045575443351
20170210,봄이 되어줄게 (Feat. 그_냥),"공기남', '고닥",0.3190045575443351
20050329,보이나요? (Remastered),루시드폴,0.31855912392113933
20110517,그날에 우리,어반자카파,0.3181483447381211
20140423,긴긴밤,블루파프리카,0.31798635169660966
20121016,저녁 하늘,에일리,0.31760487878027455
20091207,별 빛이 내린다,안녕바다,0.3174078403432616
20170904,시차 (We Are) (Feat. 로꼬 & GRAY),우원재,0.31731905051161585
20190709,인사,멜로망스,0.3172817263695357
20150324,공드리 (Feat. 김예림),"프라이머리', '오혁",0.3172817263695357
20180212,그때 헤어지면 돼,로이킴,0.317272422874984
20200215,그때 그 아인,김필,0.31688045559878875
20171031,나의 밤 나의 너,성시경,0.31688045559878875
20170928,썸 탈꺼야,볼빨간사춘기,0.3165209768039987
20131014,"스물다섯, 스물하나",자우림,0.31589271062643126
20091105,그립고 그립고 그립다,케이윌,0.31589271062643126
20180805,넌 내게 특별하고,소수빈,0.31580085259115726
20140221,"사랑노래 같은 이별노래 (Feat. 한올, 리와인)",어쿠루브,0.3158008525911572
20111201,Trouble Maker,트러블메이커,0.3158008525911572
20171129,기억의 빈자리,나얼,0.31580085259115714
20151031,청춘 (Feat. 김창완),김필,0.3153666111941773
20050407,두사람,성시경,0.31535541189691396
20050108,귀로,나얼,0.3152738339308321
20160107,한번 봤는데 (Feat. 디어 (d.ear)),렉스디,0.3146266024828462
20030124,Sweety,샵,0.3140384210094838
20110831,좋아보여 (Feat. 검정치마),버벌진트,0.3136598051750868
20160506,Don`t Break Your Heart,사비나앤드론즈,0.31339158526400435
20150312,Apple (Feat. 박재범),가인,0.3133642632597098
20170302,과일 (VIRGIN LOVE) (Feat. 챈슬러),오반,0.3130792998884597
20160517,사랑이 뭔데,"서현진', '유승우",0.3130792998884597
20200125,내 마음의 사진,송가인,0.3126526997403612
20060330,사랑안해,백지영,0.31209389196617976
20140516,여름밤의 꿈,아이유,0.3113995776646092
20091006,"헤어지지 못하는 여자, 떠나가지 못하는 남자 (Feat. 정인)",리쌍,0.31133136058883387
20170310,Sarah,카더가든,0.3108529570637462
20060324,나 돌아가,임정희,0.3106984341577254
20171229,미안해,양다일,0.3102526139970117
20171212,섬으로 가요 (Feat. 오혁),카더가든,0.30988825378440327
20100910,그리 쉽게 이별을 말하지 말아요,슈퍼키드,0.30988825378440327
20100603,잔소리 (With 2AM 슬옹),아이유,0.3097260605085398
20110512,비가 오는 날엔,비스트,0.3097260605085398
20170915,Place (Feat. Taylor),김이지,0.3095103817997674
20110805,Blind,정기고,0.3095103817997674
20160319,같은 곳에서,소녀온탑,0.3095103817997674
20171212,Home Sweet Home,카더가든,0.3095051872344631
20151007,아마도 우린,우효,0.30947138836568494
20170126,두려워질만큼,슈가볼,0.3089571903266624
20160217,좋아요,멜로망스,0.308898802876396
20191205,십이월 이십오일의 고백,정승환,0.30837107229285726
20060424,남자를 몰라,버즈,0.30837107229285726
20130416,"소년, 소녀 (With 토마스쿡)",정은채,0.30837107229285726
20151130,혼자 두지 마,백예린,0.30837107229285726
20030201,그대 돌아오면..,거미,0.30837107229285726
20150114,환청 (Feat. 나쑈 (NaShow)),장재인,0.30799620140360723
20170412,Grab Me,최낙타,0.3079565902914374
20181008,시간이 들겠지 (Feat. Colde),로꼬,0.30794088102571976
20070315,취중진담,김동률,0.30772872744833196
19880201,나 항상 그대를,이선희,0.3077287274483319
20170308,부담이 돼 (Feat. 휘인 Of 마마무),정키,0.3075785792435169
20150921,보통연애 (Feat. 박보람),박경,0.3075785792435168
20160620,그의 바다,백예린,0.3074888453325347
20140721,Touch My Body,씨스타,0.3074888453325347
20191222,Flower,윤미래,0.30725493389951347
20151128,혜화동 (혹은 쌍문동),박보람,0.307044124314559
20161123,Drug,이바다,0.307044124314559
20040106,이별택시,김연우,0.30686720460853323
20041221,겨울일기,장나라,0.30662207033593336
20101111,그여자,백지영,0.30609523991754317
20151023,스물셋,아이유,0.30609523991754317
20000522,멍,김현정,0.3060952399175431
20021112,감기,이기찬,0.3059502361420523
20170421,이 지금,아이유,0.30572008138747353
20160217,나를 사랑하는 그대에게,멜로망스,0.30561372831402317
20180403,테두리,백아,0.30561372831402317
20080714,U-Go-Girl (With 낯선),이효리,0.3056137283140231
20150116,Dress Code (Feat. G2),윌콕스,0.30561372831402306
20171002,밤이라서 하는 말 (Feat. Jozu),정바스,0.30551140459435927
20141204,Psychic (사이킥),리차드파커스,0.30551140459435927
20191129,마음,폴킴,0.30528582709109187
20170410,너란 봄 (Feat. 하림),정은지,0.3046358979224713
20161020,DRIVE (Feat. GRAY),박재범,0.3046358979224713
20141031,언제쯤이면 (Duet.아이유),윤현상,0.3046358979224712
20161104,남아있어 (Feat. Crush),로꼬,0.3046358979224712
20170421,이름에게,아이유,0.30446121134470183
20070315,기억의 습작,김동률,0.3038948705590345
20161007,내 사랑,폴킴,0.30389487055903447
20170928,Blue,볼빨간사춘기,0.30389487055903447
20160119,좋아하는 마음,안녕하신가영,0.30386906317326706
20071115,"바람, 어디에서 부는지",루시드폴,0.303869063173267
20110214,Someday,아이유,0.3035716300328439
20170219,네게,양다일,0.3035716300328439
20160510,나랑 갈래,곽진언,0.30354174694363245
20160303,이 사랑,다비치,0.30354174694363245
20121106,만약에 말야 (전우성 Solo),노을,0.30354174694363245
20110721,내꺼하자,인피니트,0.3035417469436324
20140124,네가 좋아 (Feat. 박원 Of 원모어찬스),안녕하신가영,0.3027650354097493
20141231,"돌아온 겨울날, 나는 미처 몰랐지",더필름,0.3027650354097492
20130402,비온다,선우정아,0.30240736837950294
20150717,My Last (Feat. 로꼬 & GRAY),박재범,0.30210196481974444
20170822,가시나,선미,0.3020343481704482
20180815,파도 (Wave) (Feat. Wynn),이아람,0.3017967316218499
20101007,속아도 꿈결,가을방학,0.30175284349079223
20180829,니가 생각나는 밤 (Rainy Night),스무살,0.30175284349079223
20180618,너 없인 안 된다,비투비,0.30169076223397373
20140714,Darling,걸스데이,0.30166834086259015
20160509,Little By Little,카더가든,0.3015113445777638
20090119,떠나지마...,윤미래,0.3015113445777637
20120904,우리 사랑 이대로,"정은지', '서인국",0.3008928591170954
20040329,...사랑했잖아...,린,0.30034042231131136
20120222,Falling,존박,0.3003404223113113
20170622,좋니,윤종신,0.30016666940288
20140630,애타는 마음,"울랄라세션', '아이유",0.29998469504883835
20060303,사랑은 봄비처럼...이별은 겨울비처럼...,임현정,0.29998469504883835
20111107,Be My Baby,원더걸스,0.29998469504883835
20171115,좋아,"민서', '윤종신",0.29980040747925735
19990301,편지할께요,박정현,0.29974293434196564
20020719,우린 제법 잘 어울려요,성시경,0.29955864532492316
20001228,가질 수 없는 너,뱅크,0.2995211489365771
20030124,내입술...따뜻한 커피처럼,샵,0.2995211489365771
20160429,내 입술 따뜻한 커피처럼 (Feat. 이성경) (Prod. by 박근태),에디킴,0.299521148936577
20101007,샛노랑과 새빨강 사이,가을방학,0.2990499863048704
20180710,BUS STOP,스무살,0.2990499863048704
20150226,오빠야,신현희와김루트,0.2989364780926653
19940000,일과 이분의 일,투투,0.2988925624117566
19970800,빨간 자전거 타는 우체부,장필순,0.29854071701326595
20090427,너에게..기대,메이트,0.29845643959263285
20180515,Additional,폴킴,0.29845643959263285
20090730,미스터,카라,0.2984564395926328
20160223,"Trouble To Love (Feat. 김관호, 셀프 어쿠스틱)",김댕,0.2984188387811963
20120120,오늘은 가지마,임세준,0.297966748642157
20030712,니가 참 좋아,쥬얼리,0.29796674864215694
20060117,사랑한다는 흔한 말,김연우,0.29796674864215694
20141031,나 평생 그대 곁을 지킬게,윤현상,0.2977375870413794
20160130,회상,장범준,0.2977375870413794
20140714,설레임,청춘학개론,0.2977375870413794
20090310,심장이 없어,에이트,0.2975698503218079
20091217,우리 사랑하게 됐어요.,"가인', '조권",0.2974711032000542
20110825,"TV를 껐네... (Feat. t윤미래, 권정열 Of 10cm)",리쌍,0.2974711032000542
19960122,내 눈물 모아,서지원,0.2974711032000542
20171016,그리워하다,비투비,0.2972941950052816
20181207,180도,벤,0.2971477085736213
20040913,나였으면,나윤권,0.2969078476100824
20180316,그냥 다 미안,어쿠루브,0.29651080973057514
20190729,시소 (SEESAW),정아로,0.29651080973057514
20090515,좋아해,"요조', '김진표",0.296166328844115
19960615,3!4!,룰라,0.2961121060494591
20121005,피어나,가인,0.2960782627318962
20161004,그렇게 있어 줘,산들,0.2960782627318962
20110531,말꼬리,"윤종신', '정준일",0.29607826273189614
19990701,익숙한 그 집 앞,유희열,0.29607826273189614
20081009,곁에,짙은,0.29607826273189614
20200208,반복,한요한,0.2959320151246863
20060210,전부 너였다,노을,0.29565619799454124
20121030,똑같은 사랑 똑같은 이별,어반자카파,0.29565619799454124
20120511,하루 끝,아이유,0.2956561979945412
20170912,걔 말고,스무살,0.2955402316445244
20190812,안녕,폴킴,0.2955402316445244
20191003,이상한 사람,존박,0.2954684201426396
20150317,왕복 30분 (Feat. 신지수),기리보이,0.29541957835039867
20180801,너에게 간다,규민,0.29541957835039856
20160317,다시 너를,"매드클라운', '김나영",0.29541957835039856
20181212,We all lie,하진,0.2951630263451236
20011227,난치병,하림,0.2951630263451236
20130116,잘 지내니 좀 어떠니,좋아서하는밴드,0.2946187459145689
20180822,야몽음인 (夜夢陰人),이바다,0.2946187459145689
20150922,또 다시 사랑,임창정,0.29439815585406465
20091211,술 한잔 해요,지아,0.293778996805978
20140121,커피 한 잔 할래요,폴킴,0.29375604442524017
20120802,달빛바다,"아이유', '피에스타",0.29375604442524017
20190804,기억해줘요 내 모든 날과 그때를,거미,0.29375604442524017
20160919,다 알면서... (Feat. 박재범),권진아,0.29375604442524017
20160325,Not Over Yet,폴킴,0.29375604442524017
20120905,다시 사랑한다 말할까,김동률,0.2937560444252401
20160525,자격지심 (Feat. 은하 Of 여자친구),박경,0.2935903373670296
20141216,"잘 지내자, 우리",짙은,0.2935903373670296
19970800,챠우챠우-아무리 애를 쓰고 막아 보려 해도 너의 목소리가 들려,델리스파이스,0.29342368871217805
20030909,인형의 꿈,러브홀릭,0.293423688712178
20181225,잘 되길 바랄게,소수빈,0.2934078292581377
20110705,Bubble Pop!,현아,0.2933908196155682
20050303,나에게로 떠나는 여행,버즈,0.2933908196155682
20150925,"두 손, 너에게 (Feat. 최백호)",스웨덴세탁소,0.2933908196155681
20130816,갖고놀래 (Feat. 다이나믹 듀오),범키,0.2926612784191274
20150407,봄바람 (Feat. 나얼),이문세,0.29250896965085227
20160422,초콜릿,볼빨간사춘기,0.29250896965085227
20160614,"기다린 만큼, 더",검정치마,0.29215327373407146
20160801,내 얘길 들어봐 (A-ing) (Feat. 스컬&하하),오마이걸,0.29215327373407146
20080506,화분 (알렉스 Ver.),알렉스,0.29215327373407146
19970000,바다,유피,0.29201253026104435
20110809,So Cool (쏘쿨),씨스타,0.29197274744072466
20050429,사랑했나봐,윤도현,0.2919371040605711
20130227,눈꽃,거미,0.2914876240340831
20100701,Bad Girl Good Girl,미쓰에이,0.29146096642517166
20170717,YACHT (k) (Feat. Sik-K),박재범,0.29146096642517166
20040528,청혼,노을,0.2914609664251716
20080916,어쩌다,브라운아이드걸스,0.29128763250176776
20010400,내게 오는 길,성시경,0.29095478411408277
20110601,나를 잊지 말아요,허각,0.29077631574952206
19981201,기적 (Duet With 이소은),김동률,0.29077631574952206
19970514,사나이 가는 길 (폼생폼사),젝스키스,0.29077631574952206
19990000,바다,유피,0.29077631574952206
20170203,꿈속을 지나,로코베리,0.29077631574952206
20110718,Good-bye Baby,미쓰에이,0.29077631574952206
20160217,ONEKIS2,뉴이스트,0.29038160345625114
20080506,Romeo N Juliet,클래지콰이,0.2901294265928299
20180219,사뿐,정승환,0.29012942659282986
20090423,Boo,아이유,0.29012942659282986
20160926,서로의 조각 (With 기리보이),프롬,0.29012942659282964
20140818,같은 이름,감성소년,0.2897486791497956
20110703,Bing,넌,0.2896827297511606
20111117,Ma Boy 2 (Feat. 효린),일렉트로보이즈,0.2896827297511605
20060725,좋아 좋아,서영은,0.2896827297511605
20150724,"마일리지 (Mileage) (Feat. 팔로알토, 화사 of 마마무)",프라이머리,0.2896827297511605
20141031,내일,한희정,0.28927779732719133
20180613,PRADA (Feat. pH-1),주영,0.2892709559399513
20160829,프리지아,볼빨간사춘기,0.2892709559399512
20061009,흰눈,이루,0.2892709559399512
20141118,그녀가 말했다 (With 권진아),토이,0.28922903686544305
20160325,Fallin` (Feat. 일리닛),폴킴,0.28922903686544305
20150409,"U (Feat. 권진아, 랩몬스터)",프라이머리,0.28922903686544305
20021002,Sweet Dream,장나라,0.28922903686544305
20171022,간단한 말,카더가든,0.2889483718870236
20081104,연연,성시경,0.28894837188702355
20160811,Swimming Pool,테일러,0.2886751345948129
20160823,Calling You (Vocal By nov),백신프로젝트,0.2886751345948129
19960801,보라빛 향기,강수지,0.28867513459481287
20180304,우리 그 밤에 웃은 것처럼,이민혁,0.28867513459481287
20150324,Bawling,"프라이머리', '오혁",0.28835491804079705
20141001,그게 나야,김동률,0.28835491804079705
19970800,나의 외로움이 널 부를 때,장필순,0.28835491804079705
20170314,바램,정준일,0.2882143599441978
20161229,있잖아 널 사랑해,정준일,0.2882143599441978
20161027,Leavin` Tomorrow,굿나잇스탠드,0.28821435994419775
20011227,출국 (出國),하림,0.28821435994419775
20150325,꽃이 핀다,케이윌,0.28821435994419775
20180202,이별 뒷면,권진아,0.2876508553110808
20070419,같이 걸을까,이적,0.28762947737226724
20131018,답답한 새벽,스웨덴세탁소,0.28762947737226724
20160624,어쩌면 위로가 필요했던 우리,스무살,0.2874024973854983
20161010,피 땀 눈물,방탄소년단,0.2874024973854983
20071116,대낮에 한 이별 (Feat. 선예 (Wonder Girls)),박진영,0.2874024973854982
20080220,One More Time,쥬얼리,0.2874024973854982
20020501,Memories... (Smiling Tears),윤미래,0.2874024973854982
20031128,사진을 보다가,바이브,0.28721347895177646
20140529,진심 (Feat. 임세준),정키,0.28721347895177646
20160328,봄날의 기억,비투비,0.28721347895177646
20151023,새 신발,아이유,0.2871041017899016
20070927,Y,프리스타일,0.2871041017899016
19960000,여름안에서,듀스,0.28693685991528634
20160927,너만이 (Feat. 헤이즈),유승우,0.2866125763007565
20111110,사랑에 빠지고 싶다,김조한,0.2866125763007564
20170211,꽃,서인국,0.2861819035160713
20130410,좋아 (JOAH),박재범,0.2860882772978474
20150305,우린 알아,"양다일', '정키",0.28600901671775014
20190313,봄 (feat. 산다라박),박봄,0.2859847204986464
20140319,안개,짙은,0.2859847204986464
20070129,추억은 사랑을 닮아,박효신,0.28580099139472315
19950722,이브의 경고,박미경,0.285718950551559
20150323,봄처럼 내게 와,블루파프리카,0.28571895055155894
20150109,귀여워,최낙타,0.28571895055155894
20040909,기억상실,거미,0.28571895055155894
20140516,사랑이 지나가면,아이유,0.28571895055155894
20160428,비 오는 거리 (Feat. 핫펠트),베이빌론,0.28523947975975494
20070222,수취인 불명,프리스타일,0.28523947975975494
20170922,매일 그대와,아이유,0.2852394797597549
20160829,X Song,볼빨간사춘기,0.28511240114923336
20000421,어제처럼,제이,0.28511240114923336
20170922,비밀의 화원,아이유,0.28498522337150567
20170211,카드캡터체리,새벽공방,0.28498522337150567
20090227,8282,다비치,0.2849852233715056
20141117,여대 앞에 사는 남자,윤석철트리오,0.28490144114909494
20021211,보고 싶다,김범수,0.28490144114909477
20160919,쪽쪽,권진아,0.28476071432344346
20121228,겨울 같은 너,더필름,0.28476071432344346
20130430,YooHoo (유후),시크릿,0.2842676218074807
20020401,여름아! 부탁해,인디고,0.2842676218074807
20110915,태양계,성시경,0.28426762180748066
20131008,분홍신,아이유,0.28426762180748066
20100422,그대를 사랑하는 10가지 이유,이석훈,0.2839863635791121
20080922,Nobody,원더걸스,0.28398636357911206
20000414,Summer Couple (태양은 가득히),문차일드,0.28361368116260266
20181128,첫눈처럼 너에게 가겠다 (Prod. 로코베리),김범수,0.28361368116260266
19870820,사랑하기 때문에,유재하,0.2833056304807236
20170327,Wanna Love You,폴킴,0.2833056304807236
20030605,소주 한 잔,임창정,0.28330563048072355
20110923,Sixth Sense,브라운아이드걸스,0.2831104292524653
20031128,귤,재주소년,0.2831104292524653
20170415,아주 오래된 기억,백예린,0.2831104292524653
20120719,칵테일 사랑 (With 신재),옥상달빛,0.28311042925246527
19870820,내 마음에 비친 내 모습,유재하,0.28311042925246527
20150724,"아끼지마 (Don`t Be Shy) (Feat. 초아 (AOA), 아이언)",프라이머리,0.2829125760578693
19940500,기억의 습작,전람회,0.2829125760578693
20121211,All Of You,주영,0.28287619092800903
20021010,12월 32일,별,0.28287619092800903
20170721,있잖아,폴킴,0.28287619092800903
20160328,한 발짝 두 발짝,오마이걸,0.28287619092800903
20141207,사랑에 빠지고 싶다,정승환,0.28287619092800903
20141219,나한테 집중해,슈가볼,0.28287619092800903
20131115,비포 선라이즈 (Duet With 정인),이적,0.282876190928009
20170928,상상,볼빨간사춘기,0.28239124736245247
20030425,놀러와,러브홀릭,0.28239124736245247
20200112,"다시 난, 여기",백예린,0.28232985128663995
20160906,구르미 그린 달빛,거미,0.28232985128663995
20130402,뱁새,선우정아,0.28232985128663995
20180430,별 시 (別 時),박효신,0.28232985128663995
20180824,Euphoria,방탄소년단,0.28167151608781216
20120214,니가 필요해 (I Need You),케이윌,0.28167151608781216
20190321,당신과는 천천히,장범준,0.28167151608781216
20141029,November Rain,잔나비,0.2814105882725795
20180803,나만 없어 (Feat. 브라더수),마인드유,0.2813874297663251
20110419,Lovin Ice Cream,"애즈원', '이지라이프",0.2813874297663251
20061211,Maria,김아중,0.2809166093596841
20101209,느리게 하는 일,아이유,0.2809166093596841
20170713,사랑해줘요,마인드유,0.2809166093596841
20170331,봄날에 만나자,한올,0.2809166093596841
20001109,너를 위해,임재범,0.2809166093596841
20000324,Tears,소찬휘,0.28088450276956184
20050222,사랑인걸,모세,0.2808845027695618
20190102,벌써 12시,청하,0.2808845027695618
20180131,느낌,폴킴,0.2808845027695618
20050610,눈물이 안났어,임정희,0.28069178610689494
20061211,별,유미,0.2806917861068949
20140320,흔한 노래,임창정,0.2803210959154001
20160802,oh-i,소수빈,0.2803210959154001
20180327,그럴 수밖에,김동률,0.27962947035790175
20140811,6 To 9 (Feat. 로꼬),카더가든,0.2795530723408053
20180226,쉼표,홍대광,0.2795530723408052
20010210,Whiter Than The Snow,이수영,0.2795530723408052
20200120,내가 많이 사랑해요,이승철,0.2795530723408052
20061222,겨울이야기,조관우,0.2795326960098374
20080616,"날 봐, 귀순",대성,0.27931019386546413
20150923,"카라멜마끼아또 (With. 장규철,이시은)",정바스,0.27931019386546413
20161206,질투가 좋아,멜로망스,0.2791452631195412
20030513,그땐 미처 알지 못했지 (Feat. 하림 On Harmonica),이적,0.2791452631195412
20000901,아시나요,조성모,0.2791452631195412
20150523,사랑의 시작은 고백에서부터,김범수,0.27889942840596293
20070912,Tell me,원더걸스,0.27889942840596293
20160229,그러려니,선우정아,0.27889942840596293
20180503,쉿,소수빈,0.27889942840596293
20140609,"1,2,3 (Body Fantasies)",로코베리,0.2787473366690303
20170214,나에게 사랑이란,담소네공방,0.2787473366690303
20180307,빈 칸,소낙빌,0.2787473366690303
20161018,처음,"윤종신', '민서",0.2787473366690303
20100426,Going Home,김윤아,0.27874308743943715
20010510,좋은 사람 (Feat. 김형중),토이,0.27874308743943715
20151214,사랑이 맞을거야,윤미래,0.27873923343099694
20081205,Happiness,가비엔제이,0.2787392334309969
20161207,November song,백예린,0.2787392334309969
20181210,Be Your Christmas (Feat. 볼빨간사춘기),스웨덴세탁소,0.2787392334309969
20141016,"화장 지웠어 (Feat. Zion.T, HA:TFELT) (No Make Up)",개코,0.27860449918249575
20180824,IDOL,방탄소년단,0.27860449918249575
20151230,어땠을까,김나영,0.2785572168310642
20170630,"좋아, 고마워","공기남', '한올",0.2785572168310642
20100812,A,레인보우,0.2785572168310642
20120628,Loving U (러빙유),씨스타,0.27835110713445227
20190304,Our Summer,투모로우바이투게더,0.2783511071344521
20180717,6 o`clock,볼빨간사춘기,0.2783511071344521
20121212,꽃 (Ending Title),이승환,0.2783511071344521
20160809,투정부리고 싶은데 (Feat. 406호 프로젝트),"공기남', '고닥",0.27773186030035396
20120709,잊어야 한다는 마음으로,김광석,0.27761261601152887
20140826,I Swear,씨스타,0.27761261601152887
20080124,오래된 노래,김동률,0.2769558547034987
20141031,잡지 않았어,어쿠루브,0.2769558547034987
19861205,비처럼 음악처럼,김현식,0.27668578554642986
20151007,안녕,우효,0.27668578554642986
20010818,원하고 원망하죠,애즈원,0.27668578554642986
20170804,"~42 (Feat. 샘김 (SAM KIM), 에스나 (eSNa))",프라이머리,0.27668578554642986
20170531,봄은 겨울이 꾸는 꿈,프롬,0.27668578554642986
19960000,천생연분,솔리드,0.27647061653842375
20091028,YOU AND I,박봄,0.27647061653842375
20180809,휴가,폴킴,0.2763853991962835
20170917,Not Gonna Wait,박재정,0.2763853991962834
20170328,Have A Good Time,윌콕스,0.2763853991962834
20181207,동화 (feat. 아이유),김동률,0.27634855517836365
20090903,사랑비,김태우,0.27634855517836365
20170221,너 때문에,김이지,0.2756229552631884
20191210,Popo (How deep is our love?),백예린,0.27555353756777595
20170616,I`ll find you (Feat. June),정진우,0.27524094128159027
20140408,햇살,민채,0.27524094128159027
20180111,사랑한다 말해도 (Feat. 이소라),김동률,0.2752409412815902
20110311,잠 못 드는 밤에,문명진,0.27505235548262086
20120905,니가 싫어,어반자카파,0.27505235548262086
20140205,퇴근버스,이준호,0.2750523554826208
20140728,빨개요,현아,0.27498115741881607
20031024,어떤가요,화요비,0.27498115741881607
20140226,너의 모든 순간 (Piano Ver.),성시경,0.27498115741881607
20160502,Save ME,방탄소년단,0.27498115741881607
20150330,행복의 주문,커피소년,0.2744302150984869
20110916,Hello,허각,0.27443021509848686
20200221,친구,방탄소년단,0.27443021509848686
20040827,Brand New,신화,0.2742901925294966
20161110,사랑이 아니라 말하지 말아요,이소라,0.2742901925294966
20170316,평범하게 (Feat. 멜튼 Of 굿나잇스탠드),숨셔,0.2742901925294966
19950301,이 밤의 끝을 잡고,솔리드,0.2742901925294966
20130603,미친연애 (Bad Girl) (Feat. E-Sens Of 슈프림팀),범키,0.27414653956657054
20180808,섬,민수,0.27414653956657054
20100701,I Need A Girl (Feat. G-dragon),태양,0.27414653956657054
20161118,Gimme Love,카더가든,0.27414653956657054
20110405,장마,정인,0.2737799056178934
20151001,Ah-Choo,러블리즈,0.2737244507256794
20081128,아마도 그건,홍민정,0.2735506022160966
20160325,너란 주의보,폴킴,0.27355060221609656
20160926,순이,선우정아,0.27355060221609656
20020329,I Pray 4 U,신화,0.27355060221609656
20080312,미안해요 (Feat. T.O.P),거미,0.27355060221609656
20041029,어쩌다가,전초아,0.27355060221609656
20170927,Stranger,폴킴,0.27355060221609656
20090226,비와 당신,럼블피쉬,0.27318757224926926
20051027,기대,나윤권,0.2731875722492692
20180718,Love U,청하,0.2731875722492692
20121024,귀여워 (With 권정열 Of 10cm),별,0.2731875722492692
20110209,들꽃처럼,옥상달빛,0.2727272727272728
20191004,우리가,백지영,0.2727272727272728
20170316,어지러워,강이채,0.2727272727272728
20160105,치즈인더트랩,스무살,0.2727272727272728
20101118,나타나,김범수,0.2724746304565331
20170512,오늘,리차드파커스,0.2724746304565331
20190604,Boogie Up,우주소녀,0.2724746304565331
20160906,내가 저지른 사랑,임창정,0.27247463045653303
20080714,Hey Mr. Big,이효리,0.27247463045653303
20000530,예감 (豫感),젝스키스,0.27247463045653303
20170613,매일 듣는 노래 (A Daily Song),황치열,0.27247463045653303
19960501,꿍따리 샤바라,클론,0.27247463045653303
20080819,슬픔활용법,김범수,0.27247463045653303
20130604,SUNSHINE,레인보우,0.27247463045653303
20140630,끌림,공기남녀,0.2724343325001704
20150605,"마네퀸 (Feat. Beenzino, 수란)",프라이머리,0.2724343325001704
20180302,처음 (Feat. SOLE),주영,0.2724343325001704
20020111,난 사랑에 빠졌죠,박지윤,0.27242313756550235
20130114,눈물샤워 (Feat. 에일리),배치기,0.27242313756550235
20170705,떠올려줘,스무살,0.27242313756550235
20000417,Dash,백지영,0.27242313756550235
20171108,"그때의 나, 그때의 우리",어반자카파,0.27218350771962585
20181129,너도 그냥 날 놓아주면 돼,윤건,0.2719963374307779
20180412,Dear Moon,제휘,0.2719963374307779
20171023,사랑하고 싶게 돼,멜로망스,0.27195576545960204
20150731,떠난다,박보영,0.27195576545960204
20111123,겨울,정준일,0.27195576545960204
20140730,괜찮아 사랑이야,다비치,0.27195576545960204
20120222,그 노래,존박,0.27195576545960204
20181103,아무의미,조승연,0.2718728083402677
20041008,It`s Raining,비,0.27186362391351854
20170928,고쳐주세요,볼빨간사춘기,0.27186362391351854
20081023,당신은 참..,성시경,0.27080128015453203
20170706,니가 미치도록 사랑스러운건지,빌리어코스티,0.27080128015453203
20180716,어쩌나,세븐틴,0.270801280154532
20151130,잠들고 싶어 (zZ),백예린,0.270801280154532
20200215,마음을 드려요,아이유,0.270801280154532
20161011,내 사람,박보검,0.270801280154532
20100506,시간아 멈춰라,다비치,0.270801280154532
20190714,camping everywhere,죠지,0.270801280154532
20140509,너를 원해 (Feat. Beenzino),정기고,0.27078746481997434
20151130,As I am,백예린,0.2704813730373558
20141212,"몰라 너 싫어 (Feat. 선아, 리와인)",어쿠루브,0.2704813730373558
20170505,미치고 싶다,한동근,0.2704813730373558
20080416,고칠게,진원,0.27048137303735575
20141107,매일매일 (Feat. J.Brown Of Brown City),로만티코,0.27014773361958444
20190810,위로,권진아,0.2699352029174866
20160427,한 발짝 뒤로 (Feat. 챈슬러),양다일,0.2699352029174866
20150522,Get (Feat. Beenzino),어반자카파,0.2699352029174866
20130617,왜 이제야 왔니,정엽,0.2699352029174866
20130924,나란놈이란,임창정,0.26993520291748657
20150527,고백,어쿠루브,0.2698959481797067
20070517,Ballerino,리쌍,0.2698959481797067
20100223,봄의기적,이지형,0.2698959481797067
19970300,그녀와의 이별,김현정,0.2698959481797067
20190117,초록빛,폴킴,0.2698959481797067
20131226,My Destiny,린,0.26989594817970664
20110106,샤이보이,시크릿,0.26967994498529674
20041008,I Do,비,0.26967994498529674
20170406,Ocean Drive (Feat. San E),베이빌론,0.26967994498529674
20040506,물고기자리,이안,0.26967994498529674
20040528,그녀가 웃잖아....,김형중,0.26967994498529674
20160721,바다,"허각', '정은지",0.26967994498529674
20120322,이상하다 (Acoustic Ver.),박효신,0.26967994498529674
20131112,Skit (Feat. Swings),기리보이,0.26967994498529674
20180907,슬퍼하지마,구원찬,0.2695690340429194
20000518,편지,김광진,0.2695690340429194
20160405,너도 (Feat. Cha Cha Malone),로꼬,0.2695690340429193
20010910,시간이 흐른 뒤 (As Time Goes By),윤미래,0.2695690340429193
19990600,Festival (인생은 아름다워),엄정화,0.2694966762281563
20170318,마피아,구름,0.2694966762281563
20180209,다시 쓰고 싶어,에일리,0.2694966762281563
20091105,라떼처럼,윤건,0.2694966762281563
20180910,Dank,박재범,0.2694966762281563
20171128,그날처럼,장덕철,0.2690727368966372
20181119,밤밤밤,옥상달빛,0.26868664531193936
20160105,어쩌면 좋아,우주히피,0.26868664531193936
20180102,붙어있자 (Feat. Jozu),정바스,0.26868664531193936
20190414,좋은 날엔 언제나,이민혁,0.26868664531193936
20050516,Fragile Days,캐스커,0.26868664531193936
20000506,엉뚱한 상상,지누,0.26868664531193936
20150223,순간의 순간,안녕하신가영,0.26860765467512693
19870000,사랑이 지나가면,이문세,0.26860765467512693
20160420,MY STAR,이하이,0.2686076546751269
19850901,매일 그대와,들국화,0.2682716849943299
20121119,더 오래된 노래,장윤주,0.2682716849943299
20180612,LOVE,"린', '한해",0.26827168499432985
20190416,나무,카더가든,0.26827168499432985
20070522,여름안에서 (Original Ver.),서연,0.26827168499432985
20141216,누구나 겨울이 오면(With 이기림),잔나비,0.26827168499432985
20030124,Tell Me Tell Me,샵,0.26827168499432985
19980201,사랑보다 깊은상처 (Duet With 임재범),박정현,0.26813322217994795
20180809,"Gloomy Star (Feat. 1ho, Chan)",공기남,0.26813322217994795
20170222,모두 주세요,신해경,0.26813322217994795
19950629,천일동안,이승환,0.2681332221799479
20121214,Goodbye To Romance,써니힐,0.2681332221799479
20170705,날씨가 미쳤어,스무살,0.2681332221799479
20160906,그대를 잊는다는 건,다비치,0.2681332221799479
20200410,그대 고운 내사랑,어반자카파,0.2680100840691232
20130125,눈물 (Feat. 유진 Of 더 씨야),리쌍,0.26784347772217715
20100426,뭐라할까,브리즈,0.26784347772217715
19960200,내가 너의 곁에 잠시 살았다는 걸,"토이', '김연우",0.26784347772217715
20141118,세 사람 (With 성시경),토이,0.2678434777221771
20090423,바래진 기억에,박지윤,0.26781286528962706
20151130,Blue,백예린,0.26751421048956037
20160823,If You,에일리,0.26751421048956037
20160818,"여름, 아이스크림 (Feat. 정은지)",한해,0.2675142104895603
20001228,I Love You,포지션,0.2675050712140394
20070516,비오는 밤,도나웨일,0.2674603192151959
20000600,중독된 사랑,조장혁,0.2674603192151959
20170411,어른이 된다는 게,김나영,0.2674603192151959
20110518,두근두근,써니힐,0.2674603192151959
20170502,Fly away,권진아,0.26669823045522095
20120314,LOVE DAY,"양요섭', '정은지",0.26669823045522095
20160919,고마워,인피니트,0.26669823045522095
20180716,우리의 새벽은 낮보다 뜨겁다,세븐틴,0.26669823045522095
20170918,Best Of Me,방탄소년단,0.2666142759624885
20141021,달아요 (Brand New Mix) (Feat. 버벌진트),박정현,0.2666142759624885
20190402,나들이 갈까,볼빨간사춘기,0.2666142759624885
20200301,서로,정아로,0.26650089544451316
20190521,Fallin`,김필,0.26650089544451316
20180509,컬렉션 (COLLECTION) (Feat. 백아연),용준형,0.26650089544451316
20170607,Why Don`t You Know (Feat. 넉살),청하,0.2660662432388705
20200327,아로하,조정석,0.265754794779307
20190310,바람이 부네요,"박효신', '박성연",0.265754794779307
20170530,목소리,테일러,0.2655425022718972
20150717,니 생각중이야,청춘학개론,0.2655425022718972
19930101,언젠가는,이상은,0.26554250227189713
20150507,희한한 시대,옥상달빛,0.26554250227189713
20190402,별 보러 갈래?,볼빨간사춘기,0.26554250227189713
20170309,우연을 믿어요,적재,0.26546593660094947
20160215,횡단보도,조권,0.26546593660094947
20180718,밤하늘의 별들은,안녕하신가영,0.2654659366009494
20111206,Snowing,어반자카파,0.2654659366009494
19990500,누구보다 널 사랑해,비쥬,0.2654659366009494
20001114,오빠,왁스,0.2654659366009494
20150317,사월의 눈,허각,0.26529461297122914
20110208,Sunshine,짙은,0.26529461297122914
20190517,너에게 못했던 내 마지막 말은,다비치,0.2652946129712291
20040106,연인,김연우,0.2652946129712291
20180131,오늘 밤,폴킴,0.2652946129712291
20150109,화 (Feat. 진실 Of Mad Soul Child) (Fire),매드클라운,0.265157211148662
20150619,점 (Feat. Lovey),브라더수,0.265157211148662
19991223,고백,박혜경,0.265157211148662
20130704,다른 별 (Feat. Lovey),브라더수,0.2648652312054868
20130404,Lay Back,케이윌,0.2648652312054867
20170315,Andante,한슬,0.26482044885142486
20140516,꽃,아이유,0.26482044885142486
20170616,"말하자면 (Feat. Crush, Hoody)",진보,0.26482044885142486
20171109,밤에 잠이 안 올 때,윤딴딴,0.26387520682546817
20141209,잊지 말기로 해 (Bonus Track),"성시경', '권진아",0.26387520682546817
20151001,널,양다일,0.26387520682546817
20191101,Love poem,아이유,0.26387520682546817
19980400,왜불러,디바,0.26387520682546817
20051212,서른 즈음에,김광석,0.26382242650554333
20001000,기도,정일영,0.26382242650554333
20190805,BUNGEE (Fall in Love),오마이걸,0.26382242650554333
20051212,너무 아픈 사랑은 사랑이 아니었음을,김광석,0.26382242650554333
20140429,거리마다 계절마다,소울라이츠,0.26382242650554333
20100108,낙인,임재범,0.26382242650554333
20130108,2시 20분,박경환,0.2638224265055433
20120530,오르막길,"정인', '윤종신",0.26376748066999883
20050701,사랑스러워,김종국,0.2631806779839077
20100614,그대와 함께,몽니,0.26318067798390765
20200313,Lonely Night,권진아,0.26318067798390754
20180708,그 날 (Original Ver.),박효신,0.26318067798390754
20190412,Make It Right,방탄소년단,0.26318067798390754
20180609,질투나,"거미', '에일리",0.26318067798390754
20121031,"? (물음표) (Feat. 최자 Of 다이나믹듀오, Zion.T)",프라이머리,0.2630695140178148
20050303,겁쟁이,버즈,0.2630695140178148
20160502,불타오르네 (FIRE),방탄소년단,0.2630695140178148
20191012,우리 시작해도 괜찮을까요,"정준일', '권진아",0.2630254549223458
20100601,사랑이라 쓰고 아픔이라 부른다,서인영,0.2630254549223458
20080701,D.I.S.C.O  (Feat. TOP),엄정화,0.2630254549223458
20150622,솜과 사탕,안녕하신가영,0.2630254549223458
20100614,나를 떠나가던,몽니,0.26286143450743427
20150427,Wisher,조여래,0.26286143450743427
20150731,닿을락 말락 (Feat. 슈가볼),타린,0.26286143450743427
20100603,Push Push (푸시 푸시),씨스타,0.26286143450743427
20120403,Just The Two Of Us,어반자카파,0.26286143450743427
20170324,그녀의 밤,이바다,0.26286143450743427
20061026,하고싶은 말,김태우,0.26286143450743427
20031128,비오는 아침,재주소년,0.26286143450743427
20020201,미워도 다시 한번 (Original Ver.),바이브,0.26286143450743427
20120621,충분히 예뻐 (feat. 산체스 Of 팬텀),버벌진트,0.26286143450743427
20140507,농담 반 진담 반,슈가볼,0.262743393654514
20141126,썸씽 (Feat. 변재민),프레임,0.262431940540739
20081120,비와 당신,럼블피쉬,0.262431940540739
20080807,여행을 떠나요,이승기,0.26243194054073893
20030206,Break Away,빅마마,0.26243194054073893
19980501,으샤! 으샤!,신화,0.26243194054073893
20170114,HEAVEN,"로이킴', '김이지",0.26243194054073893
20190521,교통정리 (Feat. 헤이즈),기리보이,0.26243194054073893
20140529,잊혀지다 (Feat. 양다일),정키,0.2619560889424715
20130328,Rose,이하이,0.26147889421751075
20050303,가시,버즈,0.26130983196739527
20110317,Nothing`s Over,인피니트,0.2611164839335469
20200311,기억소각 (Feat. 기리보이),다운,0.2611164839335469
20131119,새겨울,정준일,0.26111648393354675
20180503,도시달빛,충완,0.26111648393354675
20161101,Jazz Is My Life,웅산,0.26111648393354675
20061111,어떻게 사랑이 그래요,이승환,0.26111648393354675
20170707,이름이 맘에 든다는 이유만으로,가을방학,0.26111648393354675
20110829,안녕이라고 말하지마,다비치,0.26111648393354675
20160316,겨울에서 봄,안녕하신가영,0.2611164839335467
20190613,서울 밤 (feat. 빈지노),어반자카파,0.2611164839335467
20171119,혜화동 거리에서,피아노맨,0.2611164839335467
20160317,예쁘잖아,기리보이,0.26111648393354664
20020913,좋은사람,박효신,0.2606242752321186
20170818,Summer Go Loco (Feat. GRAY),로꼬,0.2606242752321186
20180430,우리 오늘 만날까,이민혁,0.260578653323524
20110310,가슴이 뛴다,케이윌,0.260578653323524
20111007,진심 (Feat. 임세준),정키,0.2605786533235239
20040708,당신과의 키스를 세어보아요,화요비,0.2605786533235239
20060627,그녀를 사랑해줘요,하동균,0.26007824330514984
20120320,소년이 어른이 되어,몽니,0.26007824330514984
20101130,사랑의 눈보라,린,0.25958499574503335
20091112,마쉬멜로우,아이유,0.259499648053841
20081022,어제보다 오늘 더,김종국,0.25949964805384096
20030929,또 한번 사랑은 가고,이기찬,0.25949964805384096
20170904,난 원래 이랬어요,이예린,0.25949964805384096
20130401,녹는 중 (Feat. 버벌진트),다비치,0.25949964805384096
20140325,그 중에 그대를 만나,이선희,0.25910011025251845
20170530,한시 오분 (1:05),검정치마,0.25910011025251845
20110607,살다가 한번쯤,포맨,0.2591001102525184
20180102,꿀차,우효,0.2591001102525184
20050121,봄날,아이,0.2586032735340944
20061226,Joy To The World,송영주,0.2586032735340944
20120720,물병자리 (Feat. 주영),이루펀트,0.25849213105659874
20151007,우주가 기울어지는 순간,조소정,0.25849213105659874
20140920,당신만이,"곽진언', '김필', '임도혁",0.2584921310565987
20080729,여름날 (Feat. 페퍼톤스 신재평),유희열,0.2584921310565987
20030618,Shine,슈가,0.2584921310565987
20090227,사고쳤어요,다비치,0.2584921310565987
20150324,봄이 와,어쿠루브,0.2584921310565987
20171112,You (Feat. Yonko),플리지,0.2584921310565987
20130205,러브 레시피,클래지콰이,0.2584921310565987
20090331,눈물이 뚝뚝,케이윌,0.2584432806109094
20190509,스며들기 좋은 오늘,백예린,0.2584432806109094
20080219,안부 (Feat. 나윤권),별,0.2584432806109094
20161112,그런 밤,어반자카파,0.2584432806109094
20160226,팔당댐 (Feat. 빈지노),에디킴,0.2582704427178426
20151013,Nothing (Feat. 문별 of 마마무),유성은,0.2582704427178426
20130311,Fantasy,진보,0.2582704427178426
20180425,자취방에서,윤딴딴,0.2582704427178426
20150409,"조만간 봐요 (Feat. BSK, 개코)",프라이머리,0.2582704427178426
20131213,너만을 느끼며,"정우', '유연석', '손호준",0.2582704427178426
20131220,시작,고아라,0.2582704427178426
20130531,짧은머리,"허각', '정은지",0.2582402114870027
20020901,Never Ending Story,부활,0.2582402114870027
20000421,One Love,원타임,0.2581988897471611
20091210,고등어,루시드폴,0.2581988897471611
20180916,프라하,김사월,0.2581988897471611
20190318,내가 날 모르는 것처럼 (Feat. 카더가든),백예린,0.2581988897471611
20150924,가끔,지아,0.2581988897471611
19910126,내사랑 내곁에,김현식,0.2581988897471611
20120603,Girlfriend,원더걸스,0.2581988897471611
20061013,연,빅마마,0.2581988897471611
20140212,상남자 (Boy In Luv),방탄소년단,0.2581988897471611
20131002,Touch Love,윤미래,0.2581988897471611
20040618,한 남자,김종국,0.25789387027890015
20140625,Gray (Feat. 브라더수),카더가든,0.2575757575757577
20141216,See Your Eyes,잔나비,0.2575757575757577
20081103,봄날,정엽,0.2575757575757577
20110421,Don`t Cry,박봄,0.25756371316446414
20121025,Undo,캐스커,0.25756371316446414
20151122,위성,정진우,0.25756371316446414
20130102,스무살,스무살,0.25756371316446414
20120515,그 해 여름,인피니트,0.25756371316446414
20110906,STEP,카라,0.2571297386132901
20150429,I NEED U,방탄소년단,0.2571297386132901
20150616,쿨밤,"슬리피', '송지은",0.2571297386132901
20140319,해바라기,짙은,0.2571297386132901
20140818,너를 좋아하니까,뷰티핸섬,0.2571297386132901
19961100,Bus 안에서,자자,0.25712973861329
19960801,Twist King,터보,0.2566635011696727
20110118,Black & White,지나,0.2566635011696727
20090105,연애소설,가비엔제이,0.2566635011696727
20150223,우리는 남보다도 못한 사이가 되기 위해서 (Album Ver.),안녕하신가영,0.2566635011696727
20120622,앵콜요청금지,브로콜리너마저,0.2564406062069432
20140527,사람냄새,"정인', '개리",0.2564406062069432
20080124,아이처럼,김동률,0.2563161392478961
20191209,첫 겨울이니까,"성시경', '아이유",0.2563161392478961
20151204,북두칠성,로이킴,0.2563161392478961
20081229,Track 9,이소라,0.2563161392478961
20140519,오늘따라 (Feat. 가인),팬텀,0.2563161392478961
20130712,U & I,에일리,0.2563161392478961
20021011,나를 사랑하지 않는 그대에게,이소라,0.2562353715952691
20190930,0시 0분,정아로,0.25604577824959457
20191216,마지막,다운,0.25604577824959457
20190708,BLUE,하성운,0.25604577824959457
20160902,하루,솜니도어,0.25604577824959457
20001214,그대와 춤을,이소라,0.25604577824959457
20151217,보통의 겨울,빌리어코스티,0.2559453484444958
19970300,혼자한 사랑,김현정,0.2559453484444958
20150428,파라다이스,잔나비,0.25588315785957955
20190402,Seattle Alone,볼빨간사춘기,0.25588315785957955
20120918,오늘은 가지마,벤,0.2558831578595795
20060725,칵테일 사랑 (Feat. 김연우),서영은,0.2558831578595795
20100811,여우비,이선희,0.25588315785957944
20141224,가리워진 길,볼빨간사춘기,0.25588315785957944
20150206,너가 떠나고,어쿠루브,0.25588315785957944
20160218,만화처럼 (Like Romance Comics),"매드클라운', '브라더수",0.25588315785957944
20060818,사랑안해,백지영,0.25588315785957944
20160702,"호랑나비 (Feat. Gill, 리듬파워, 김흥국)",보이비,0.2552036460354681
20140422,봄날에 눈이 부신,빌리어코스티,0.2552036460354681
20031126,Hot 뜨거,원타임,0.2551772719413706
20120608,잔인한 사월,브로콜리너마저,0.2551772719413706
20190121,Home,세븐틴,0.2551772719413706
20131008,Modern Times,아이유,0.2551772719413706
20010201,왜하늘은,이지훈,0.2551772719413705
20180410,너 정말 예쁘다,최낙타,0.2551772719413705
20110121,미친 사랑의 노래,씨야,0.2551772719413705
20141118,피아노 (Inst.),토이,0.2551772719413705
20150417,해줄 수 없는 일,거미,0.2551772719413705
20190919,시계 바늘,권진아,0.2551772719413705
20121122,되돌리다,이승기,0.2546084638985143
20080108,내겐 사랑하나...,타루,0.25425669046549126
20190218,무명無名,정밀아,0.25425669046549126
20090316,나의 사랑노래,조원선,0.25425669046549126
20190910,25,볼빨간사춘기,0.25425669046549126
20140116,인사,정준일,0.25425669046549126
19950000,잘못된 만남,김건모,0.25424067076409457
20130314,기대해,걸스데이,0.25424067076409457
20150924,Solo (Feat. Hoody),박재범,0.25424067076409457
20130611,Give It To Me,씨스타,0.25424067076409457
20181015,고백,양다일,0.2542406707640945
20121221,카멜레온,아프로디노,0.2541521226262073
20160420,MISSING U,이하이,0.2541521226262073
20161128,홍연,안예은,0.2541521226262073
20070525,사랑의 인사,씨야,0.2541521226262073
20150406,Shine Your Light,박효신,0.25415212262620723
20180702,새벽,정소안,0.25415212262620723
20130902,숙녀가 못 돼 (Damaged Lady),카라,0.25415212262620723
19970424,Forever,안재욱,0.25415212262620723
20110825,또 왜 그래,"이상순', '오지은",0.25415212262620723
20190412,소우주 (Mikrokosmos),방탄소년단,0.25415212262620723
19851120,소녀,이문세,0.25415212262620723
19970000,뿌요 뿌요,유피,0.25415212262620723
20190630,환상,이루리,0.25408390302421974
20180701,기타를 칠꺼야,반석,0.25408390302421974
20180221,사랑하나봐,"박준용', '김현수",0.25408390302421974
19880818,제주도의 푸른밤,최성원,0.25408390302421974
20191210,Rest,백예린,0.25408390302421974
20150118,슬픔 속에 그댈 지워야만 해,"정승환', '박윤하",0.25391835805951285
19951101,슬픈 언약식,김정민,0.25391835805951285
20121029,"1,2,3,4 (원,투,쓰리,포)",이하이,0.25391835805951285
20180304,다시,이상순,0.25391835805951285
20090914,바람꽃 (E.S),아이유,0.25391835805951285
20160129,두 사람,옥상달빛,0.25391835805951285
20190530,NO WAY (Feat. G.Soul),이하이,0.25391835805951285
20160909,Carnival (The Last Day),가인,0.25375960946127607
20180618,The Feeling,비투비,0.25375960946127607
20180824,Answer : Love Myself,방탄소년단,0.25375960946127607
20110414,이별의 그늘,윤상,0.25375960946127607
20160603,5:30 pm,김새한길,0.25375960946127607
20160215,요리 좀 해요 (Cook for love),"케이윌', '정기고', '주영', '브라더수",0.25375960946127607
20170913,밤밤 (Feat. 디어(d.ear)),이나래,0.25375960946127607
20141120,지워 (Feat. 아이언),"효린', '주영",0.2536286367508941
19940100,시작되는 연인들을 위해,이원진,0.2536286367508941
20160706,또 또 또,로코베리,0.2536286367508941
20030425,Loveholic,러브홀릭,0.2536286367508941
20091029,Sign,브라운아이드걸스,0.2536286367508941
20081030,My Style (Hidden Track),브라운아이드걸스,0.2536286367508941
20150711,너를 사랑한 시간,정승환,0.2536286367508941
20131203,어떤 하루,어반자카파,0.2534723885322655
20081029,도시의 밤,소울라이츠,0.2534723885322655
20131216,너에게만,"범키', '버벌진트",0.25347238853226545
20010809,화장을 고치고,왁스,0.25347238853226545
20181121,phobia,다운,0.25347238853226545
20070129,"1991年, 찬바람이 불던 밤....",박효신,0.25347238853226545
